name,code,provider,img
Joker Poker,Joker Poker,BBIN,Online-Casino-Slot-Game-BBIN-Joker-Poker-22fun-Thailand.jpg
JIANG ZIYA,JIANG ZIYA,BBIN,Online-Casino-Slot-Game-BBIN-Jiang-Ziya-22fun-Thailand.jpg
Prehistoric Jungle,Prehistoric Jungle,BBIN,Online-Casino-Slot-Game-BBIN-Prehistoric-Jungle-22fun-Thailand.jpg
Demon Fox,DemonFox,KA,Online-Casino-Slot-Game-KA-Demon-Fox-22fun-Thailand.jpg
Super Energy,SuperEnergy,KA,Online-Casino-Slot-Game-KA-Super-Energy-22fun-Thailand.jpg
Cthulhu Secret,CthulhuSecret,KA,Online-Casino-Slot-Game-KA-Cthulhu-Secret-22fun-Thailand.jpg
Fighting Girls,FightingGirls,KA,Online-Casino-Slot-Game-KA-Fighting-Girls-22fun-Thailand.jpg
Critter Mania,3pc6upfiiki4o,Joker,Online-Casino-Slot-Game-Joker-Critter-Mania-22fun-Thailand.jpg
Legend of Akihiro,ThreeHeadedDragon,KA,Online-Casino-Slot-Game-KA-Legend-of-Akihiro-22fun-Thailand.jpg
Treasure Carp,TreasureCarp,KA,Online-Casino-Slot-Game-KA-Treasure-Carp-22fun-Thailand.jpg
County Seat,CountySeat,KA,Online-Casino-Slot-Game-KA-County-Seat-22fun-Thailand.jpg
Sleepwalking Sheep,SleepwalkingSheep,KA,Online-Casino-Slot-Game-KA-Sleepwalking-Sheep-22fun-Thailand.jpg
Ghost Festival,GhostFestival,PG,Online-Casino-Slot-Game-KA-Ghost-Festival-22fun-Thailand.jpg
